Wall time,Step,Value
1781459554.116419,30154,0.23451650142669678
1781464114.3859272,36185,0.16068021953105927
1781468675.7622335,42216,0.2512761056423187
1781473233.1360173,48247,0.15718621015548706
