Wall time,Step,Value
1781426968.9918673,6030,1.0148379802703857
1781431576.1152315,12061,0.914039134979248
1781436211.3321311,18092,0.9143146872520447
1781440835.5024953,24123,0.8420073390007019
1781445466.6033497,30154,0.8728162050247192
