Wall time,Step,Value
1781459554.1163182,30154,0.8669690489768982
1781464114.385828,36185,0.8478237390518188
1781468675.762124,42216,0.7640354037284851
1781473233.1359203,48247,0.8344694972038269
